section,section_id,submitted,attempt,69192: Vänligen fyll i den individuella sifferkoden som du fått på mail tillsammans med länken till det här quizet:,0.0,65723: Kön:,0.0,65724: Antal år verksam som veterinär:,0.0,65725: Använder du någon form av smärtskala i ditt arbete?,0.0,"68929: Notera: Den här frågan är bara till för övning. Efter denna fråga kommer de 25 videoklippen du ska smärtbedöma.
 
På en skala från 0-10, hur smärtpåverkad bedömer du att hästen på filmen är?
Endast 0 betyder ""ingen smärta"".
test_clip_0.mp4",1.0,"65726: På en skala från 0-10, hur smärtpåverkad bedömer du att hästen på filmen är?
Endast 0 betyder ""ingen smärta"".
",0.0,"68874: På en skala från 0-10, hur smärtpåverkad bedömer du att hästen på filmen är?
Endast 0 betyder ""ingen smärta"".
test_clip_2.mp4",1.0,"68875: På en skala från 0-10, hur smärtpåverkad bedömer du att hästen på filmen är?
Endast 0 betyder ""ingen smärta"".
test_clip_3.mp4",1.0,"68876: På en skala från 0-10, hur smärtpåverkad bedömer du att hästen på filmen är?
Endast 0 betyder ""ingen smärta"".
test_clip_4.mp4",1.0,"68877: På en skala från 0-10, hur smärtpåverkad bedömer du att hästen på filmen är?
Endast 0 betyder ""ingen smärta"".
test_clip_5.mp4",1.0,"68878: På en skala från 0-10, hur smärtpåverkad bedömer du att hästen på filmen är?
Endast 0 betyder ""ingen smärta"".
test_clip_6.mp4",1.0,"68903: På en skala från 0-10, hur smärtpåverkad bedömer du att hästen på filmen är?
Endast 0 betyder ""ingen smärta"".
test_clip_7.mp4",1.0,"68904: På en skala från 0-10, hur smärtpåverkad bedömer du att hästen på filmen är?
Endast 0 betyder ""ingen smärta"".
test_clip_8.mp4",1.0,"68905: På en skala från 0-10, hur smärtpåverkad bedömer du att hästen på filmen är?
Endast 0 betyder ""ingen smärta"".
test_clip_9.mp4",1.0,"68906: På en skala från 0-10, hur smärtpåverkad bedömer du att hästen på filmen är?
Endast 0 betyder ""ingen smärta"".
test_clip_10.mp4",1.0,"68907: På en skala från 0-10, hur smärtpåverkad bedömer du att hästen på filmen är?
Endast 0 betyder ""ingen smärta"".
test_clip_11.mp4",1.0,"68908: På en skala från 0-10, hur smärtpåverkad bedömer du att hästen på filmen är?
Endast 0 betyder ""ingen smärta"".
test_clip_12.mp4",1.0,"68909: På en skala från 0-10, hur smärtpåverkad bedömer du att hästen på filmen är?
Endast 0 betyder ""ingen smärta"".
test_clip_13.mp4",1.0,"68910: På en skala från 0-10, hur smärtpåverkad bedömer du att hästen på filmen är?
Endast 0 betyder ""ingen smärta"".'
test_clip_14.mp4",1.0,"68911: På en skala från 0-10, hur smärtpåverkad bedömer du att hästen på filmen är?
Endast 0 betyder ""ingen smärta"".
test_clip_15.mp4",1.0,"68912: På en skala från 0-10, hur smärtpåverkad bedömer du att hästen på filmen är?
Endast 0 betyder ""ingen smärta"".
test_clip_16.mp4",1.0,"68913: På en skala från 0-10, hur smärtpåverkad bedömer du att hästen på filmen är?
Endast 0 betyder ""ingen smärta"".
test_clip_17.mp4",1.0,"68914: På en skala från 0-10, hur smärtpåverkad bedömer du att hästen på filmen är?
Endast 0 betyder ""ingen smärta"".
test_clip_18.mp4",1.0,"68915: På en skala från 0-10, hur smärtpåverkad bedömer du att hästen på filmen är?
Endast 0 betyder ""ingen smärta"".
test_clip_19.mp4",1.0,"68917: På en skala från 0-10, hur smärtpåverkad bedömer du att hästen på filmen är?
Endast 0 betyder ""ingen smärta"".
test_clip_20.mp4",1.0,"68925: På en skala från 0-10, hur smärtpåverkad bedömer du att hästen på filmen är?
Endast 0 betyder ""ingen smärta"".
test_clip_21.mp4",1.0,"68918: På en skala från 0-10, hur smärtpåverkad bedömer du att hästen på filmen är?
Endast 0 betyder ""ingen smärta"".
test_clip_22.mp4",1.0,"68919: På en skala från 0-10, hur smärtpåverkad bedömer du att hästen på filmen är?
Endast 0 betyder ""ingen smärta"".
test_clip_23.mp4",1.0,"68920: På en skala från 0-10, hur smärtpåverkad bedömer du att hästen på filmen är?
Endast 0 betyder ""ingen smärta"".
test_clip_24.mp4",1.0,"68921: På en skala från 0-10, hur smärtpåverkad bedömer du att hästen på filmen är?
Endast 0 betyder ""ingen smärta"".
test_clip_25.mp4",1.0,n correct,n incorrect,score
"","",2020-10-11 20:21:57 UTC,1,302,0.0,Kvinna,0.0,6-10 år,0.0,"I enstaka fall, ej rutinmässigt",0.0,0,1.0,2,0.0,1,0.0,0,1.0,1,0.0,0,1.0,0,1.0,0,1.0,3,0.0,3,0.0,1,0.0,2,0.0,0,1.0,2,0.0,2,0.0,1,0.0,0,1.0,0,1.0,0,1.0,0,1.0,0,1.0,1,0.0,1,0.0,2,0.0,0,1.0,1,0.0,13,17,12.0
"","",2020-10-09 05:56:03 UTC,1,318,0.0,Kvinna,0.0,6-10 år,0.0,Aldrig,0.0,0,1.0,0,0.0,0,1.0,2,0.0,5,0.0,0,1.0,0,1.0,0,1.0,0,1.0,4,0.0,5,0.0,7,0.0,3,0.0,6,0.0,6,0.0,7,0.0,5,0.0,2,0.0,0,1.0,0,1.0,0,1.0,0,1.0,0,1.0,0,1.0,0,1.0,6,0.0,15,15,13.0
"","",2020-10-07 19:21:43 UTC,1,385,0.0,Kvinna,0.0,11-20 år,0.0,"I enstaka fall, ej rutinmässigt",0.0,7,0.0,3,0.0,0,1.0,8,0.0,9,0.0,0,1.0,0,1.0,1,0.0,0,1.0,3,0.0,6,0.0,6,0.0,0,1.0,2,0.0,3,0.0,4,0.0,0,1.0,0,1.0,0,1.0,4,0.0,5,0.0,0,1.0,4,0.0,2,0.0,5,0.0,8,0.0,10,20,9.0
"","",2020-10-06 20:07:42 UTC,1,336,0.0,Kvinna,0.0,11-20 år,0.0,Veckovis,0.0,7,0.0,3,0.0,0,1.0,5,0.0,2,0.0,1,0.0,3,0.0,0,1.0,6,0.0,7,0.0,6,0.0,7,0.0,0,1.0,4,0.0,4,0.0,2,0.0,6,0.0,8,0.0,0,1.0,0,1.0,4,0.0,0,1.0,6,0.0,2,0.0,5,0.0,6,0.0,7,23,6.0
"","",2020-10-06 19:09:58 UTC,1,455,0.0,Kvinna,0.0,2-5 år,0.0,Månadsvis,0.0,5,0.0,3,0.0,0,1.0,8,0.0,3,0.0,0,1.0,0,1.0,0,1.0,5,0.0,4,0.0,8,0.0,9,0.0,2,0.0,8,0.0,9,0.0,6,0.0,4,0.0,6,0.0,4,0.0,0,1.0,0,1.0,0,1.0,0,1.0,3,0.0,2,0.0,4,0.0,9,21,8.0
"","",2020-10-06 19:05:20 UTC,1,448,0.0,Kvinna,0.0,6-10 år,0.0,"I enstaka fall, ej rutinmässigt",0.0,3,0.0,1,0.0,0,1.0,2,0.0,4,0.0,0,1.0,1,0.0,0,1.0,1,0.0,2,0.0,3,0.0,5,0.0,2,0.0,5,0.0,6,0.0,4,0.0,3,0.0,4,0.0,2,0.0,1,0.0,0,1.0,0,1.0,0,1.0,0,1.0,0,1.0,5,0.0,9,21,8.0
"","",2020-10-06 17:56:10 UTC,1,384,0.0,Kvinna,0.0,över 20 år,0.0,"I enstaka fall, ej rutinmässigt",0.0,2,0.0,0,0.0,4,0.0,5,0.0,6,0.0,0,1.0,1,0.0,5,0.0,7,0.0,3,0.0,5,0.0,8,0.0,1,0.0,5,0.0,6,0.0,5,0.0,4,0.0,3,0.0,1,0.0,0,1.0,4,0.0,0,1.0,4,0.0,4,0.0,2,0.0,6,0.0,5,25,3.0
"","",2020-10-06 17:50:36 UTC,1,472,0.0,Kvinna,0.0,över 20 år,0.0,"I enstaka fall, ej rutinmässigt",0.0,8,0.0,8,0.0,3,0.0,2,0.0,8,0.0,0,1.0,0,1.0,2,0.0,6,0.0,8,0.0,4,0.0,7,0.0,8,0.0,6,0.0,5,0.0,3,0.0,6,0.0,7,0.0,0,1.0,3,0.0,0,1.0,4,0.0,7,0.0,4,0.0,3,0.0,6,0.0,5,25,4.0
"","",2020-10-06 10:56:14 UTC,1,395,0.0,Kvinna,0.0,över 20 år,0.0,Veckovis,0.0,4,0.0,3,0.0,0,1.0,7,0.0,0,1.0,0,1.0,1,0.0,0,1.0,8,0.0,9,0.0,5,0.0,6,0.0,2,0.0,7,0.0,7,0.0,3,0.0,4,0.0,3,0.0,4,0.0,0,1.0,1,0.0,6,0.0,1,0.0,2,0.0,6,0.0,7,0.0,6,24,5.0
"","",2020-10-06 10:45:32 UTC,1,322,0.0,Man,0.0,6-10 år,0.0,"I enstaka fall, ej rutinmässigt",0.0,0,1.0,4,0.0,3,0.0,8,0.0,5,0.0,3,0.0,8,0.0,0,1.0,10,0.0,8,0.0,2,0.0,10,0.0,1,0.0,4,0.0,10,0.0,7,0.0,0,1.0,10,0.0,0,1.0,0,1.0,6,0.0,3,0.0,6,0.0,0,1.0,2,0.0,6,0.0,6,24,6.0
"","",2020-10-06 08:57:03 UTC,1,355,0.0,Kvinna,0.0,över 20 år,0.0,Månadsvis,0.0,4,0.0,2,0.0,0,1.0,1,0.0,0,1.0,5,0.0,0,1.0,6,0.0,8,0.0,8,0.0,8,0.0,8,0.0,0,1.0,0,1.0,5,0.0,6,0.0,2,0.0,8,0.0,0,1.0,0,1.0,8,0.0,0,1.0,4,0.0,0,1.0,6,0.0,7,0.0,10,20,9.0
"","",2020-10-06 08:27:22 UTC,1,486,0.0,Kvinna,0.0,11-20 år,0.0,"I enstaka fall, ej rutinmässigt",0.0,7,0.0,3,0.0,1,0.0,2,0.0,4,0.0,0,1.0,1,0.0,1,0.0,3,0.0,6,0.0,5,0.0,7,0.0,3,0.0,4,0.0,5,0.0,5,0.0,6,0.0,6,0.0,1,0.0,0,1.0,4,0.0,1,0.0,5,0.0,0,1.0,3,0.0,7,0.0,4,26,3.0
"","",2020-10-06 06:37:36 UTC,1,436,0.0,Kvinna,0.0,2-5 år,0.0,Veckovis,0.0,4,0.0,2,0.0,3,0.0,0,1.0,4,0.0,0,1.0,0,1.0,0,1.0,1,0.0,2,0.0,2,0.0,6,0.0,4,0.0,4,0.0,2,0.0,0,1.0,0,1.0,2,0.0,1,0.0,0,1.0,1,0.0,2,0.0,2,0.0,1,0.0,0,1.0,3,0.0,9,21,8.0
"","",2020-10-05 16:19:01 UTC,1,345,0.0,Kvinna,0.0,6-10 år,0.0,Månadsvis,0.0,8,0.0,2,0.0,6,0.0,3,0.0,3,0.0,0,1.0,2,0.0,0,1.0,5,0.0,0,1.0,7,0.0,8,0.0,1,0.0,3,0.0,6,0.0,3,0.0,1,0.0,4,0.0,0,1.0,1,0.0,6,0.0,0,1.0,3,0.0,2,0.0,2,0.0,9,0.0,6,24,5.0
"","",2020-10-05 13:41:39 UTC,1,313,0.0,Kvinna,0.0,11-20 år,0.0,"I enstaka fall, ej rutinmässigt",0.0,7,0.0,6,0.0,0,1.0,0,1.0,5,0.0,0,1.0,0,1.0,5,0.0,7,0.0,7,0.0,0,1.0,8,0.0,6,0.0,5,0.0,8,0.0,3,0.0,5,0.0,0,1.0,0,1.0,3,0.0,6,0.0,2,0.0,7,0.0,0,1.0,4,0.0,7,0.0,9,21,8.0
"","",2020-10-05 08:50:46 UTC,1,431,0.0,Kvinna,0.0,11-20 år,0.0,Månadsvis,0.0,4,0.0,3,0.0,0,1.0,2,0.0,0,1.0,1,0.0,1,0.0,5,0.0,7,0.0,6,0.0,0,1.0,4,0.0,4,0.0,5,0.0,4,0.0,6,0.0,7,0.0,6,0.0,0,1.0,1,0.0,6,0.0,0,1.0,3,0.0,4,0.0,3,0.0,5,0.0,6,24,5.0
"","",2020-10-04 16:18:01 UTC,1,347,0.0,Kvinna,0.0,över 20 år,0.0,"I enstaka fall, ej rutinmässigt",0.0,5,0.0,4,0.0,0,1.0,3,0.0,7,0.0,0,1.0,2,0.0,0,1.0,4,0.0,7,0.0,4,0.0,8,0.0,4,0.0,7,0.0,7,0.0,5,0.0,5,0.0,1,0.0,0,1.0,0,1.0,1,0.0,2,0.0,1,0.0,2,0.0,0,1.0,8,0.0,7,23,6.0
"","",2020-10-04 08:20:04 UTC,1,465,0.0,Kvinna,0.0,över 20 år,0.0,"I enstaka fall, ej rutinmässigt",0.0,6,0.0,1,0.0,0,1.0,2,0.0,0,1.0,0,1.0,0,1.0,2,0.0,5,0.0,3,0.0,6,0.0,3,0.0,2,0.0,4,0.0,3,0.0,6,0.0,7,0.0,8,0.0,2,0.0,0,1.0,5,0.0,0,1.0,3,0.0,4,0.0,0,1.0,8,0.0,8,22,7.0
"","",2020-10-03 09:43:26 UTC,1,394,0.0,Kvinna,0.0,6-10 år,0.0,Dagligen,0.0,6,0.0,5,0.0,2,0.0,7,0.0,4,0.0,0,1.0,0,1.0,0,1.0,7,0.0,0,1.0,3,0.0,8,0.0,2,0.0,5,0.0,4,0.0,2,0.0,4,0.0,0,1.0,0,1.0,0,1.0,3,0.0,2,0.0,0,1.0,2,0.0,2,0.0,6,0.0,10,20,8.0
"","",2020-10-03 04:01:24 UTC,1,437,0.0,Kvinna,0.0,11-20 år,0.0,Aldrig,0.0,4,0.0,0,0.0,5,0.0,2,0.0,7,0.0,0,1.0,1,0.0,0,1.0,5,0.0,2,0.0,9,0.0,8,0.0,0,1.0,3,0.0,8,0.0,6,0.0,8,0.0,9,0.0,6,0.0,0,1.0,9,0.0,0,1.0,3,0.0,1,0.0,0,1.0,7,0.0,8,22,6.0
"","",2020-10-02 11:37:20 UTC,1,464,0.0,Kvinna,0.0,11-20 år,0.0,"I enstaka fall, ej rutinmässigt",0.0,6,0.0,3,0.0,0,1.0,0,1.0,0,1.0,0,1.0,2,0.0,0,1.0,2,0.0,2,0.0,4,0.0,8,0.0,4,0.0,5,0.0,5,0.0,5,0.0,5,0.0,6,0.0,0,1.0,0,1.0,0,1.0,0,1.0,1,0.0,1,0.0,0,1.0,4,0.0,11,19,10.0
"","",2020-10-01 17:36:19 UTC,1,497,0.0,Kvinna,0.0,6-10 år,0.0,"I enstaka fall, ej rutinmässigt",0.0,3,0.0,2,0.0,2,0.0,0,1.0,2,0.0,0,1.0,0,1.0,1,0.0,1,0.0,2,0.0,3,0.0,6,0.0,3,0.0,5,0.0,6,0.0,5,0.0,2,0.0,2,0.0,0,1.0,0,1.0,4,0.0,2,0.0,1,0.0,1,0.0,0,1.0,6,0.0,7,23,6.0
"","",2020-09-30 19:31:12 UTC,1,323,0.0,Kvinna,0.0,över 20 år,0.0,Dagligen,0.0,4,0.0,0,0.0,0,1.0,2,0.0,4,0.0,0,1.0,0,1.0,3,0.0,5,0.0,5,0.0,3,0.0,7,0.0,4,0.0,3,0.0,4,0.0,3,0.0,5,0.0,0,1.0,0,1.0,0,1.0,5,0.0,1,0.0,3,0.0,2,0.0,3,0.0,5,0.0,9,21,6.0
"","",2020-09-30 15:45:29 UTC,1,376,0.0,Kvinna,0.0,11-20 år,0.0,Dagligen,0.0,8,0.0,3,0.0,0,1.0,6,0.0,6,0.0,0,1.0,0,1.0,0,1.0,8,0.0,7,0.0,6,0.0,10,0.0,2,0.0,5,0.0,6,0.0,4,0.0,4,0.0,5,0.0,0,1.0,0,1.0,0,1.0,2,0.0,2,0.0,0,1.0,2,0.0,7,0.0,10,20,8.0
"","",2020-09-30 09:37:26 UTC,1,444,0.0,Man,0.0,över 20 år,0.0,Dagligen,0.0,6,0.0,2,0.0,0,1.0,4,0.0,7,0.0,0,1.0,2,0.0,0,1.0,3,0.0,3,0.0,5,0.0,7,0.0,2,0.0,3,0.0,7,0.0,5,0.0,4,0.0,8,0.0,1,0.0,0,1.0,1,0.0,4,0.0,2,0.0,0,1.0,6,0.0,6,0.0,6,24,5.0
"","",2020-09-29 18:48:55 UTC,1,332,0.0,Kvinna,0.0,11-20 år,0.0,"I enstaka fall, ej rutinmässigt",0.0,3,0.0,3,0.0,0,1.0,4,0.0,3,0.0,0,1.0,1,0.0,1,0.0,5,0.0,5,0.0,3,0.0,5,0.0,2,0.0,4,0.0,3,0.0,1,0.0,2,0.0,3,0.0,4,0.0,0,1.0,0,1.0,3,0.0,1,0.0,1,0.0,4,0.0,4,0.0,5,25,4.0
"","",2020-09-29 15:17:20 UTC,1,317,0.0,Kvinna,0.0,6-10 år,0.0,Veckovis,0.0,3,0.0,5,0.0,0,1.0,6,0.0,0,1.0,0,1.0,0,1.0,2,0.0,5,0.0,7,0.0,6,0.0,5,0.0,5,0.0,6,0.0,7,0.0,3,0.0,7,0.0,7,0.0,0,1.0,0,1.0,0,1.0,0,1.0,2,0.0,3,0.0,4,0.0,6,0.0,9,21,8.0
"","",2020-09-29 07:29:50 UTC,1,467,0.0,Kvinna,0.0,6-10 år,0.0,"I enstaka fall, ej rutinmässigt",0.0,4,0.0,3,0.0,1,0.0,5,0.0,6,0.0,3,0.0,5,0.0,6,0.0,9,0.0,7,0.0,4,0.0,6,0.0,3,0.0,7,0.0,7,0.0,6,0.0,4,0.0,7,0.0,2,0.0,1,0.0,4,0.0,2,0.0,3,0.0,8,0.0,5,0.0,8,0.0,1,29,0.0
"","",2020-09-28 12:13:39 UTC,1,1,0.0,Kvinna,0.0,0-1 år,0.0,Aldrig,0.0,8,0.0,10,0.0,10,0.0,10,0.0,10,0.0,10,0.0,10,0.0,10,0.0,10,0.0,10,0.0,10,0.0,10,0.0,10,0.0,10,0.0,10,0.0,10,0.0,10,0.0,10,0.0,10,0.0,10,0.0,10,0.0,10,0.0,10,0.0,10,0.0,10,0.0,10,0.0,2,28,0.0
